Localization	Source	yes/no
Promastigote	Cuervo	no
Promastigote	Hassani	no
Promastigote	Forrest (metacyclic)	no
Promastigote	Forrest (procyclic)	no
Promastigote	Silverman	no
Promastigote	Pissara	no
Amastigote	Pires	no
Exosome	Silverman	no
Glycosome	Jamdhade	no
Expression(up)	Pescher	no
mRNA0	Lahav	-
mRNA2.5	Lahav	-
mRNA5	Lahav	-
mRNA10	Lahav	-
mRNA15	Lahav	-
mRNA24	Lahav	-
mRNA120	Lahav	-
protein0	Lahav	-
protein2.5	Lahav	-
protein5	Lahav	-
protein10	Lahav	-
protein15	Lahav	-
protein24	Lahav	-
protein120	Lahav	-
Cytoplasm|Cell membrane	Deeploc	yes
Signalpeptide	SignalP	no
GPI-anchor	netGPI	no
